url,source,anchor_text,reason
https://golfinsideruk.com/contact-me/,https://golfinsideruk.com/best-golf-apps/,GET IN TOUCH,submission_hint_in_link
https://golfinsideruk.com/best-golf-apps/#best-apps-lower-handicap,https://golfinsideruk.com/best-golf-apps/,Review ↓,submission_hint_in_link
https://golfinsideruk.com/best-golf-apps/#best-sg-stats-apps,https://golfinsideruk.com/best-golf-apps/,Review ↓,submission_hint_in_link
https://golfinsideruk.com/best-golf-apps/#best-gps-apps,https://golfinsideruk.com/best-golf-apps/,Review ↓,submission_hint_in_link
https://golfinsideruk.com/best-golf-apps/#best-auto-tracking-apps,https://golfinsideruk.com/best-golf-apps/,Review ↓,submission_hint_in_link
http://www.reddit.com/submit?url=https%3A%2F%2Fgolfinsideruk.com%2Fbest-golf-apps%2F&title=Best+Golf+Apps+2026%3A+GPS%2C+Stats%2C+Practice+%26amp%3B+Shot+Tracking,https://golfinsideruk.com/best-golf-apps/,,submission_hint_in_link
https://yoast.com/wordpress/plugins/seo/,https://golfinsideruk.com/best-golf-apps/,,url_in_content
https://www.clarity.ms/tag/jx0spdrss9?ref=wordpress,https://golfinsideruk.com/best-golf-apps/,,url_in_content
https://golfinsideruk.com/wp-content/themes/generatepress/assets/css/all.min.css?ver=3.6.1,https://golfinsideruk.com/best-golf-apps/,,url_in_content
https://golfinsideruk.com/wp-content/themes/generatepress/assets/css/components/font-icons.min.css?ver=3.6.1,https://golfinsideruk.com/best-golf-apps/,,url_in_content
https://golfinsideruk.com/wp-content/uploads/generatepress/style.min.css?ver=1779885716,https://golfinsideruk.com/best-golf-apps/,,url_in_content
https://golfinsideruk.com/wp-content/plugins/gp-premium/blog/functions/css/featured-images.min.css?ver=2.5.5,https://golfinsideruk.com/best-golf-apps/,,url_in_content
https://golfinsideruk.com/wp-content/plugins/google-analytics-for-wordpress/assets/js/frontend-gtag.min.js?ver=10.2.2,https://golfinsideruk.com/best-golf-apps/,,url_in_content
http://www.reddit.com/submit?url=https%3A%2F%2Fgolfinsideruk.com%2Fbest-golf-apps%2F&amp;title=Best+Golf+Apps+2026%3A+GPS%2C+Stats%2C+Practice+%26amp%3B+Shot+Tracking,https://golfinsideruk.com/best-golf-apps/,,url_in_content
https://golfinsideruk.com/wp-content/themes/generatepress/assets/js/menu.min.js?ver=3.6.1,https://golfinsideruk.com/best-golf-apps/,,url_in_content
mailto:golfinsideruk@gmail.com,https://golfinsideruk.com/best-golf-apps/,golfinsideruk@gmail.com,email_found
https://www.todays-golfer.com/equipment/,https://www.todays-golfer.com/equipment/best/golf-apps/,Equipment Reviews,submission_hint_in_link
https://www.todays-golfer.com/equipment/equipment-features/insurance/,https://www.todays-golfer.com/equipment/best/golf-apps/,Insurance,submission_hint_in_link
https://www.todays-golfer.com/courses/,https://www.todays-golfer.com/equipment/best/golf-apps/,Course Reviews,submission_hint_in_link
https://www.todays-golfer.com/features/course-features/best-golf-breaks/,https://www.todays-golfer.com/equipment/best/golf-apps/,Golf Escapes,submission_hint_in_link
https://www.todays-golfer.com/features/,https://www.todays-golfer.com/equipment/best/golf-apps/,Features,submission_hint_in_link
https://www.todays-golfer.com/features/equipment-features/,https://www.todays-golfer.com/equipment/best/golf-apps/,Equipment Features,submission_hint_in_link
https://www.todays-golfer.com/features/instruction-features/,https://www.todays-golfer.com/equipment/best/golf-apps/,Instruction Features,submission_hint_in_link
https://www.todays-golfer.com/features/player-features/,https://www.todays-golfer.com/equipment/best/golf-apps/,Player Features,submission_hint_in_link
https://www.todays-golfer.com/features/course-features/,https://www.todays-golfer.com/equipment/best/golf-apps/,Course Features,submission_hint_in_link
https://www.todays-golfer.com/tips-and-tuition/short-game-pitching-and-chipping/,https://www.todays-golfer.com/equipment/best/golf-apps/,Golf Short Game,submission_hint_in_link
https://www.todays-golfer.com/tips-and-tuition/tuition-features/,https://www.todays-golfer.com/equipment/best/golf-apps/,Tuition Features,submission_hint_in_link
https://www.todays-golfer.com/tips-and-tuition/golf-pitching/,https://www.todays-golfer.com/equipment/best/golf-apps/,Golf Pitching,submission_hint_in_link
https://go.skimresources.com/?id=31715X1545439&xs=1&url=https%3A%2F%2Fapps.apple.com%2Fgb%2Fapp%2Fpga-tour%2Fid489689106,https://www.todays-golfer.com/equipment/best/golf-apps/,PGA Tour,submission_hint_in_link
https://www.todays-golfer.com/equipment/best/golf-apps-for-apple-watch/,https://www.todays-golfer.com/equipment/best/golf-apps/,Best Golf Apps for Apple Watches,submission_hint_in_link
https://www.todays-golfer.com/contact-us/,https://www.todays-golfer.com/equipment/best/golf-apps/,,submission_hint_in_link
https://go.skimresources.com?id=31715X1545439&amp;xs=1&amp;url=https%3A%2F%2Fapps.apple.com%2Fgb%2Fapp%2Fpga-tour%2Fid489689106,https://www.todays-golfer.com/equipment/best/golf-apps/,,url_in_content
mailto:sarah.pyett@bauermedia.co.uk,https://www.todays-golfer.com/equipment/best/golf-apps/,sarah.pyett@bauermedia.co.uk,email_found
https://www.golfmagic.com/equipment/reviews,https://www.golfmagic.com/equipment/golf-tech/best-golf-apps,Equipment Reviews,submission_hint_in_link
https://www.golfmagic.com/courses/reviews,https://www.golfmagic.com/equipment/golf-tech/best-golf-apps,Course Reviews,submission_hint_in_link
https://www.golfmagic.com/reviews,https://www.golfmagic.com/equipment/golf-tech/best-golf-apps,All Reviews,submission_hint_in_link
https://www.golfmagic.com/equipment/golf-tech/mileseey-genesonic-pro-review-maybe-greatest-golf-gadget-2026,https://www.golfmagic.com/equipment/golf-tech/best-golf-apps,Mileseey GeneSonic Pro Review: Maybe the greatest golf gadget of 2026,submission_hint_in_link
https://www.golfmagic.com/equipment/golf-tech/foresight-gc3-launch-monitor-review,https://www.golfmagic.com/equipment/golf-tech/best-golf-apps,Foresight GC3 Launch Monitor Review,submission_hint_in_link
"https://www.golfmagic.com/equipment/gps-rangefinders/arccos-link-pro-review#:~:text=The%20brand%20is%20one%20of,the%20first%20year%20of%20use.",https://www.golfmagic.com/equipment/golf-tech/best-golf-apps,Arccos Link Pro,submission_hint_in_link
https://www.golfmagic.com/equipment/golf-tech/blue-tees-player-gps-speaker-review,https://www.golfmagic.com/equipment/golf-tech/best-golf-apps,Blue Tees Player+ GPS Speaker Review,submission_hint_in_link
https://www.golfmagic.com/equipment/golf-tech/capto-putting-sensor-review-data-driven-tool-improve-your-putting,https://www.golfmagic.com/equipment/golf-tech/best-golf-apps,"Capto Putting Sensor Review: ""A data driven tool to improve your putting""",submission_hint_in_link
https://www.golfmagic.com/equipment/golf-tech/balon-smart-kit-review-unique-tool-give-you-competitive-edge,https://www.golfmagic.com/equipment/golf-tech/best-golf-apps,Next  BAL.ON Smart Kit Review: A unique tool to give you a competitive edge,submission_hint_in_link
https://www.golfmagic.com/equipment/golf-tech/awesome-golf-simulator-app-review-hours-fun-every-golfer,https://www.golfmagic.com/equipment/golf-tech/best-golf-apps,Awesome Golf Simulator App Review: Hours of fun for every golfer,submission_hint_in_link
https://www.golfmagic.com/contact,https://www.golfmagic.com/equipment/golf-tech/best-golf-apps,Contact,submission_hint_in_link
"https://www.golfmagic.com/equipment/gps-rangefinders/arccos-link-pro-review#:~:text=The%20brand%20is%20one%20of,the%20first%20year%20of%20use",https://www.golfmagic.com/equipment/golf-tech/best-golf-apps,,url_in_content
https://oldduffergolf.com/putting-resources/,https://oldduffergolf.com/golf-apps/,Putting Resources,submission_hint_in_link
https://oldduffergolf.com/all-reviews/,https://oldduffergolf.com/golf-apps/,All Reviews,submission_hint_in_link
https://oldduffergolf.com/strackaline-app/,https://oldduffergolf.com/golf-apps/,Click here for my review,submission_hint_in_link
https://oldduffergolf.com/tour-read-app-review/,https://oldduffergolf.com/golf-apps/,Here is an article,submission_hint_in_link
https://oldduffergolf.com/breakmaster/,https://oldduffergolf.com/golf-apps/,Here is my review,submission_hint_in_link
https://oldduffergolf.com/spider-putt-app/,https://oldduffergolf.com/golf-apps/,Here is my review,submission_hint_in_link
https://oldduffergolf.com/flightscope-mevo-2023/,https://oldduffergolf.com/golf-apps/,Click here for my review,submission_hint_in_link
https://oldduffergolf.com/capto-gen-3/,https://oldduffergolf.com/golf-apps/,My review of the CAPTO Gen 3,submission_hint_in_link
https://oldduffergolf.com/exputt-rg-review/,https://oldduffergolf.com/golf-apps/,EXPUTT RG Review,submission_hint_in_link
https://oldduffergolf.com/hackmotion-new-sensor/,https://oldduffergolf.com/golf-apps/,HackMotion New Sensor Review,submission_hint_in_link
https://oldduffergolf.com/dewiz-swing-analyzer/,https://oldduffergolf.com/golf-apps/,deWiz Golf Review,submission_hint_in_link
https://oldduffergolf.com/sportsbox-ai/,https://oldduffergolf.com/golf-apps/,Click here for my review,submission_hint_in_link
https://oldduffergolf.com/shot-scope-x5/,https://oldduffergolf.com/golf-apps/,Here is the review on the X5,submission_hint_in_link
https://oldduffergolf.com/putting-stats-with-shot-scope/,https://oldduffergolf.com/golf-apps/,Review on Stats from Shot Scope,submission_hint_in_link
https://oldduffergolf.com/golf-metrics-with-blast-motion/,https://oldduffergolf.com/golf-apps/,My review,submission_hint_in_link
https://oldduffergolf.com/puttout-airbreak/,https://oldduffergolf.com/golf-apps/,Air Break Review,submission_hint_in_link
https://oldduffergolf.com/the-stack-system-re-review/,https://oldduffergolf.com/golf-apps/,The Stack System re-review,submission_hint_in_link
https://oldduffergolf.com/the-stack-putting-app/,https://oldduffergolf.com/golf-apps/,The Stack Putting App,submission_hint_in_link
https://oldduffergolf.com/golf-apps/,https://oldduffergolf.com/golf-apps/,Golf Apps,submission_hint_in_link
https://yoast.com/product/yoast-seo-premium-wordpress/,https://oldduffergolf.com/golf-apps/,,url_in_content
https://oldduffergolf.com/wp-content/plugins/contact-form-7/includes/css/styles.css?ver=6.1.6,https://oldduffergolf.com/golf-apps/,,url_in_content
https://oldduffergolf.com/wp-content/plugins/contact-form-7/includes/swv/js/index.js?ver=6.1.6,https://oldduffergolf.com/golf-apps/,,url_in_content
https://oldduffergolf.com/wp-content/plugins/contact-form-7/includes/js/index.js?ver=6.1.6,https://oldduffergolf.com/golf-apps/,,url_in_content
https://oldduffergolf.com/wp-content/plugins/contact-form-7/modules/recaptcha/index.js?ver=6.1.6,https://oldduffergolf.com/golf-apps/,,url_in_content
https://twitter.com/intent/tweet?url=&text=Golf+GPS+App+Roundup+-+The+Best+Free+Apps+Tested,https://practical-golf.com/golf-gps-app-free,,submission_hint_in_link
https://practical-golf.com/game-golf-review-two-thumbs-up/,https://practical-golf.com/golf-gps-app-free,here,submission_hint_in_link
https://practical-golf.com/contact-us,https://practical-golf.com/golf-gps-app-free,Advertise With Us,submission_hint_in_link
https://twitter.com/intent/tweet?url=&amp;text=Golf+GPS+App+Roundup+-+The+Best+Free+Apps+Tested,https://practical-golf.com/golf-gps-app-free,,url_in_content
https://www.golf-escapes.com/contact-us/,https://www.golf-escapes.com/29-of-the-best-golf-apps-you-cant-live-without/,Contact us,submission_hint_in_link
https://www.golf-escapes.com/29-of-the-best-golf-apps-you-cant-live-without/#misc-golf,https://www.golf-escapes.com/29-of-the-best-golf-apps-you-cant-live-without/,Miscellaneous Golf Apps,submission_hint_in_link
https://www.golf-escapes.com/tag/best-golf-apps/,https://www.golf-escapes.com/29-of-the-best-golf-apps-you-cant-live-without/,best golf apps,submission_hint_in_link
https://www.golf-escapes.com/tag/golf-apps/,https://www.golf-escapes.com/29-of-the-best-golf-apps-you-cant-live-without/,golf apps,submission_hint_in_link
https://yoast.com/product/yoast-seo-premium-wordpress/,https://www.golf-escapes.com/29-of-the-best-golf-apps-you-cant-live-without/,,url_in_content
https://www.golf-escapes.com/wp-content/plugins/webp-express/js/picturefill.min.js,https://www.golf-escapes.com/29-of-the-best-golf-apps-you-cant-live-without/,,url_in_content
https://www.golf-escapes.com/wp-content/webp-express/webp-images/uploads/2022/05/dims-1.jpeg.webp,https://www.golf-escapes.com/29-of-the-best-golf-apps-you-cant-live-without/,,url_in_content
https://www.golf-escapes.com/wp-content/webp-express/webp-images/uploads/2022/05/dims-1-1024x538.jpeg.webp,https://www.golf-escapes.com/29-of-the-best-golf-apps-you-cant-live-without/,,url_in_content
https://www.golf-escapes.com/wp-content/webp-express/webp-images/uploads/2022/05/dims-1-768x403.jpeg.webp,https://www.golf-escapes.com/29-of-the-best-golf-apps-you-cant-live-without/,,url_in_content
https://www.golf-escapes.com/wp-content/webp-express/webp-images/uploads/2022/05/dims-1-400x210.jpeg.webp,https://www.golf-escapes.com/29-of-the-best-golf-apps-you-cant-live-without/,,url_in_content
https://www.golf-escapes.com/wp-content/webp-express/webp-images/uploads/2017/08/V1-Golf.jpg.webp,https://www.golf-escapes.com/29-of-the-best-golf-apps-you-cant-live-without/,,url_in_content
https://www.golf-escapes.com/wp-content/webp-express/webp-images/uploads/2017/08/Hudl.jpg.webp,https://www.golf-escapes.com/29-of-the-best-golf-apps-you-cant-live-without/,,url_in_content
https://www.golf-escapes.com/wp-content/webp-express/webp-images/uploads/2017/08/Golf-Pad-Free-Golf-GPS-Finder-Scorecard.jpg.webp,https://www.golf-escapes.com/29-of-the-best-golf-apps-you-cant-live-without/,,url_in_content
https://www.golf-escapes.com/wp-content/webp-express/webp-images/uploads/2017/08/FC-Golf-Handicap.jpg.webp,https://www.golf-escapes.com/29-of-the-best-golf-apps-you-cant-live-without/,,url_in_content
https://www.golf-escapes.com/wp-content/webp-express/webp-images/uploads/2017/08/WGT-Golf-Game-by-Topgolf.jpg.webp,https://www.golf-escapes.com/29-of-the-best-golf-apps-you-cant-live-without/,,url_in_content
https://www.golf-escapes.com/wp-content/webp-express/webp-images/uploads/2017/08/golf-ball-finder.jpg.webp,https://www.golf-escapes.com/29-of-the-best-golf-apps-you-cant-live-without/,,url_in_content
https://www.golf-escapes.com/wp-content/webp-express/webp-images/uploads/2017/08/linkedin.jpg.webp,https://www.golf-escapes.com/29-of-the-best-golf-apps-you-cant-live-without/,,url_in_content
https://www.golf-escapes.com/wp-content/webp-express/webp-images/uploads/2017/08/instagram.jpg.webp,https://www.golf-escapes.com/29-of-the-best-golf-apps-you-cant-live-without/,,url_in_content
https://www.golf-escapes.com/wp-content/webp-express/webp-images/uploads/2017/08/facebook.jpg.webp,https://www.golf-escapes.com/29-of-the-best-golf-apps-you-cant-live-without/,,url_in_content
https://www.golf-escapes.com/wp-content/webp-express/webp-images/uploads/2017/08/twitter.jpg.webp,https://www.golf-escapes.com/29-of-the-best-golf-apps-you-cant-live-without/,,url_in_content
https://www.golf-escapes.com/wp-content/webp-express/webp-images/uploads/2024/07/Matt-Standley-400x308.jpg.webp,https://www.golf-escapes.com/29-of-the-best-golf-apps-you-cant-live-without/,,url_in_content
https://www.golf-escapes.com/wp-content/webp-express/webp-images/uploads/2024/07/Matt-Standley-1024x787.jpg.webp,https://www.golf-escapes.com/29-of-the-best-golf-apps-you-cant-live-without/,,url_in_content
https://www.golf-escapes.com/wp-content/webp-express/webp-images/uploads/2024/07/Matt-Standley-768x591.jpg.webp,https://www.golf-escapes.com/29-of-the-best-golf-apps-you-cant-live-without/,,url_in_content
https://www.golf-escapes.com/wp-content/webp-express/webp-images/uploads/2024/07/Matt-Standley-1536x1181.jpg.webp,https://www.golf-escapes.com/29-of-the-best-golf-apps-you-cant-live-without/,,url_in_content
https://www.golf-escapes.com/wp-content/webp-express/webp-images/uploads/2024/07/Matt-Standley-2048x1575.jpg.webp,https://www.golf-escapes.com/29-of-the-best-golf-apps-you-cant-live-without/,,url_in_content
https://www.golf-escapes.com/wp-content/webp-express/webp-images/uploads/2022/05/golf-881390_1920-1-400x301.jpeg.webp,https://www.golf-escapes.com/29-of-the-best-golf-apps-you-cant-live-without/,,url_in_content
https://www.golf-escapes.com/wp-content/webp-express/webp-images/uploads/2022/05/golf-881390_1920-1-1024x770.jpeg.webp,https://www.golf-escapes.com/29-of-the-best-golf-apps-you-cant-live-without/,,url_in_content
https://www.golf-escapes.com/wp-content/webp-express/webp-images/uploads/2022/05/golf-881390_1920-1-768x577.jpeg.webp,https://www.golf-escapes.com/29-of-the-best-golf-apps-you-cant-live-without/,,url_in_content
https://www.golf-escapes.com/wp-content/webp-express/webp-images/uploads/2022/05/golf-881390_1920-1-1536x1155.jpeg.webp,https://www.golf-escapes.com/29-of-the-best-golf-apps-you-cant-live-without/,,url_in_content
https://www.golf-escapes.com/wp-content/webp-express/webp-images/uploads/2022/05/golf-881390_1920-1.jpeg.webp,https://www.golf-escapes.com/29-of-the-best-golf-apps-you-cant-live-without/,,url_in_content
https://www.golf-escapes.com/wp-content/webp-express/webp-images/uploads/2022/05/Technology-Lifestyle-1-400x225.jpeg.webp,https://www.golf-escapes.com/29-of-the-best-golf-apps-you-cant-live-without/,,url_in_content
https://www.golf-escapes.com/wp-content/webp-express/webp-images/uploads/2022/05/Technology-Lifestyle-1-1024x576.jpeg.webp,https://www.golf-escapes.com/29-of-the-best-golf-apps-you-cant-live-without/,,url_in_content
https://www.golf-escapes.com/wp-content/webp-express/webp-images/uploads/2022/05/Technology-Lifestyle-1-768x432.jpeg.webp,https://www.golf-escapes.com/29-of-the-best-golf-apps-you-cant-live-without/,,url_in_content
https://www.golf-escapes.com/wp-content/webp-express/webp-images/uploads/2022/05/Technology-Lifestyle-1.jpeg.webp,https://www.golf-escapes.com/29-of-the-best-golf-apps-you-cant-live-without/,,url_in_content
https://www.golf-escapes.com/wp-content/webp-express/webp-images/uploads/2017/11/plane-2152402_1920-1-400x300.jpeg.webp,https://www.golf-escapes.com/29-of-the-best-golf-apps-you-cant-live-without/,,url_in_content
https://www.golf-escapes.com/wp-content/webp-express/webp-images/uploads/2017/11/plane-2152402_1920-1-1024x767.jpeg.webp,https://www.golf-escapes.com/29-of-the-best-golf-apps-you-cant-live-without/,,url_in_content
https://www.golf-escapes.com/wp-content/webp-express/webp-images/uploads/2017/11/plane-2152402_1920-1-768x576.jpeg.webp,https://www.golf-escapes.com/29-of-the-best-golf-apps-you-cant-live-without/,,url_in_content
https://www.golf-escapes.com/wp-content/webp-express/webp-images/uploads/2017/11/plane-2152402_1920-1-1536x1151.jpeg.webp,https://www.golf-escapes.com/29-of-the-best-golf-apps-you-cant-live-without/,,url_in_content
https://www.golf-escapes.com/wp-content/webp-express/webp-images/uploads/2017/11/plane-2152402_1920-1.jpeg.webp,https://www.golf-escapes.com/29-of-the-best-golf-apps-you-cant-live-without/,,url_in_content
https://www.golf-escapes.com/wp-content/webp-express/webp-images/uploads/2024/08/ABTA-Logo.png.webp,https://www.golf-escapes.com/29-of-the-best-golf-apps-you-cant-live-without/,,url_in_content
https://www.golf-escapes.com/wp-content/webp-express/webp-images/uploads/2024/08/ABTA-Logo-400x163.png.webp,https://www.golf-escapes.com/29-of-the-best-golf-apps-you-cant-live-without/,,url_in_content
https://www.golf-escapes.com/wp-content/webp-express/webp-images/uploads/2024/08/ABTA-Logo-1024x417.png.webp,https://www.golf-escapes.com/29-of-the-best-golf-apps-you-cant-live-without/,,url_in_content
https://www.golf-escapes.com/wp-content/webp-express/webp-images/uploads/2024/08/ABTA-Logo-768x313.png.webp,https://www.golf-escapes.com/29-of-the-best-golf-apps-you-cant-live-without/,,url_in_content
https://www.golf-escapes.com/wp-content/webp-express/webp-images/uploads/2024/08/ABTA-Logo-1536x626.png.webp,https://www.golf-escapes.com/29-of-the-best-golf-apps-you-cant-live-without/,,url_in_content
https://www.golf-escapes.com/wp-content/webp-express/webp-images/uploads/2024/08/ABTA-Logo-2048x835.png.webp,https://www.golf-escapes.com/29-of-the-best-golf-apps-you-cant-live-without/,,url_in_content
https://www.golf-escapes.com/wp-content/webp-express/webp-images/uploads/2025/03/ATOL-Logo-2013-WHITE.png.webp,https://www.golf-escapes.com/29-of-the-best-golf-apps-you-cant-live-without/,,url_in_content
https://www.golf-escapes.com/wp-content/webp-express/webp-images/uploads/2025/03/ATOL-Logo-2013-WHITE-400x400.png.webp,https://www.golf-escapes.com/29-of-the-best-golf-apps-you-cant-live-without/,,url_in_content
https://www.golf-escapes.com/wp-content/webp-express/webp-images/uploads/2025/03/ATOL-Logo-2013-WHITE-1024x1024.png.webp,https://www.golf-escapes.com/29-of-the-best-golf-apps-you-cant-live-without/,,url_in_content
https://www.golf-escapes.com/wp-content/webp-express/webp-images/uploads/2025/03/ATOL-Logo-2013-WHITE-150x150.png.webp,https://www.golf-escapes.com/29-of-the-best-golf-apps-you-cant-live-without/,,url_in_content
https://www.golf-escapes.com/wp-content/webp-express/webp-images/uploads/2025/03/ATOL-Logo-2013-WHITE-768x768.png.webp,https://www.golf-escapes.com/29-of-the-best-golf-apps-you-cant-live-without/,,url_in_content
https://www.golf-escapes.com/wp-content/webp-express/webp-images/uploads/2025/03/ATOL-Logo-2013-WHITE-1536x1536.png.webp,https://www.golf-escapes.com/29-of-the-best-golf-apps-you-cant-live-without/,,url_in_content
https://www.golf-escapes.com/wp-content/webp-express/webp-images/uploads/2025/03/ATOL-Logo-2013-WHITE-2048x2048.png.webp,https://www.golf-escapes.com/29-of-the-best-golf-apps-you-cant-live-without/,,url_in_content
https://www.golf-escapes.com/wp-content/webp-express/webp-images/uploads/2024/08/ABTA-Logo-black-4.jpg.webp,https://www.golf-escapes.com/29-of-the-best-golf-apps-you-cant-live-without/,,url_in_content
https://www.golf-escapes.com/wp-content/webp-express/webp-images/uploads/2024/08/ABTA-Logo-black-4-400x138.jpg.webp,https://www.golf-escapes.com/29-of-the-best-golf-apps-you-cant-live-without/,,url_in_content
https://www.golf-escapes.com/wp-content/webp-express/webp-images/uploads/2024/08/ABTA-Logo-black-4-1024x353.jpg.webp,https://www.golf-escapes.com/29-of-the-best-golf-apps-you-cant-live-without/,,url_in_content
https://www.golf-escapes.com/wp-content/webp-express/webp-images/uploads/2024/08/ABTA-Logo-black-4-768x264.jpg.webp,https://www.golf-escapes.com/29-of-the-best-golf-apps-you-cant-live-without/,,url_in_content
https://www.golf-escapes.com/wp-content/webp-express/webp-images/uploads/2024/08/ABTA-Logo-black-4-1536x529.jpg.webp,https://www.golf-escapes.com/29-of-the-best-golf-apps-you-cant-live-without/,,url_in_content
https://www.golf-escapes.com/wp-content/webp-express/webp-images/uploads/2025/03/ATOL-Logo-2013-BLACK.png.webp,https://www.golf-escapes.com/29-of-the-best-golf-apps-you-cant-live-without/,,url_in_content
https://www.golf-escapes.com/wp-content/webp-express/webp-images/uploads/2025/03/ATOL-Logo-2013-BLACK-400x400.png.webp,https://www.golf-escapes.com/29-of-the-best-golf-apps-you-cant-live-without/,,url_in_content
https://www.golf-escapes.com/wp-content/webp-express/webp-images/uploads/2025/03/ATOL-Logo-2013-BLACK-1024x1024.png.webp,https://www.golf-escapes.com/29-of-the-best-golf-apps-you-cant-live-without/,,url_in_content
https://www.golf-escapes.com/wp-content/webp-express/webp-images/uploads/2025/03/ATOL-Logo-2013-BLACK-150x150.png.webp,https://www.golf-escapes.com/29-of-the-best-golf-apps-you-cant-live-without/,,url_in_content
https://www.golf-escapes.com/wp-content/webp-express/webp-images/uploads/2025/03/ATOL-Logo-2013-BLACK-768x768.png.webp,https://www.golf-escapes.com/29-of-the-best-golf-apps-you-cant-live-without/,,url_in_content
https://www.golf-escapes.com/wp-content/webp-express/webp-images/uploads/2025/03/ATOL-Logo-2013-BLACK-1536x1536.png.webp,https://www.golf-escapes.com/29-of-the-best-golf-apps-you-cant-live-without/,,url_in_content
https://www.golf-escapes.com/wp-content/webp-express/webp-images/uploads/2025/03/ATOL-Logo-2013-BLACK-2048x2048.png.webp,https://www.golf-escapes.com/29-of-the-best-golf-apps-you-cant-live-without/,,url_in_content
mailto:info@golf-escapes.com,https://www.golf-escapes.com/29-of-the-best-golf-apps-you-cant-live-without/,info@golf-escapes.com,email_found
mailto:info@rotaryswing.com,https://goatcode.ai/best-golf-app-for-improvement-2026.html,info@rotaryswing.com,email_found
https://whygolf.com/products/pressure-plate,https://whygolf.com/pages/best-golf-app-2026,Pressure Plate,submission_hint_in_link
https://whygolf.com/products/wrist-x,https://whygolf.com/pages/best-golf-app-2026,Contact,submission_hint_in_link
https://whygolf.com/pages/reviews,https://whygolf.com/pages/best-golf-app-2026,Reviews,submission_hint_in_link
https://whygolf.com/pages/contact,https://whygolf.com/pages/best-golf-app-2026,Contact Us,submission_hint_in_link
https://whygolf.com/pages/best-apple-watch-golf-app,https://whygolf.com/pages/best-golf-app-2026,"Best Golf App for Apple Watch (GPS, GHIN Handicap + Green Maps)",submission_hint_in_link
https://whygolf.com/collections/bundles,https://whygolf.com/pages/best-golf-app-2026,Short Game Aids,submission_hint_in_link
https://whygolf.com/pages/app,https://whygolf.com/pages/best-golf-app-2026,WhyGolf App,submission_hint_in_link
https://whygolf.com/pages/best-golf-app-2026,https://whygolf.com/pages/best-golf-app-2026,Best Golf Apps In 2026,submission_hint_in_link
https://static-tracking.klaviyo.com/onsite/js/build-preview/commit-e93d48723ad76f27cbf4145e2c348bc69f9234d5/fender_analytics.37a265ef24da1ae3c155.js?cb=2,https://whygolf.com/pages/best-golf-app-2026,,url_in_content
https://static-tracking.klaviyo.com/onsite/js/build-preview/commit-e93d48723ad76f27cbf4145e2c348bc69f9234d5/static.964c1ae7de61b8e06068.js?cb=2,https://whygolf.com/pages/best-golf-app-2026,,url_in_content
https://static-tracking.klaviyo.com/onsite/js/build-preview/commit-e93d48723ad76f27cbf4145e2c348bc69f9234d5/vendors~static~in_app_forms~signup_forms~post_identification_sync~web_personalization~client_identity~server_side_cookies~reviews~telemetry~customerHubRoot~favorites~faq~.47f7776b98a43f526caf.js?cb=2,https://whygolf.com/pages/best-golf-app-2026,,url_in_content
https://static.klaviyo.com/onsite/js/build-preview/commit-e93d48723ad76f27cbf4145e2c348bc69f9234d5/runtime.39fb216910603f05bc32.js?cb=2,https://whygolf.com/pages/best-golf-app-2026,,url_in_content
https://static.klaviyo.com/onsite/js/build-preview/commit-e93d48723ad76f27cbf4145e2c348bc69f9234d5/sharedUtils.b39e9b140d27feb19917.js?cb=2,https://whygolf.com/pages/best-golf-app-2026,,url_in_content
https://static.klaviyo.com/onsite/js/build-preview/commit-e93d48723ad76f27cbf4145e2c348bc69f9234d5/vendors~in_app_forms~signup_forms~client_identity~telemetry~onsite-triggering-v2~onsite-triggering~.00140035a0ee1bdef5e1.js?cb=2,https://whygolf.com/pages/best-golf-app-2026,,url_in_content
https://static.klaviyo.com/onsite/js/build-preview/commit-e93d48723ad76f27cbf4145e2c348bc69f9234d5/vendors~in_app_forms~signup_forms~reviews~atlas.0201e888d834a3782e3a.js?cb=2,https://whygolf.com/pages/best-golf-app-2026,,url_in_content
https://static.klaviyo.com/onsite/js/build-preview/commit-e93d48723ad76f27cbf4145e2c348bc69f9234d5/vendors~in_app_forms~signup_forms.a899b049d575de74ade1.js?cb=2,https://whygolf.com/pages/best-golf-app-2026,,url_in_content
https://static.klaviyo.com/onsite/js/build-preview/commit-e93d48723ad76f27cbf4145e2c348bc69f9234d5/default~in_app_forms~signup_forms.9acedbd039669c78a805.js?cb=2,https://whygolf.com/pages/best-golf-app-2026,,url_in_content
https://static.klaviyo.com/onsite/js/build-preview/commit-e93d48723ad76f27cbf4145e2c348bc69f9234d5/signup_forms.7d4b4027ecbbc06e6eeb.js?cb=2,https://whygolf.com/pages/best-golf-app-2026,,url_in_content
https://static-tracking.klaviyo.com/onsite/js/build-preview/commit-e93d48723ad76f27cbf4145e2c348bc69f9234d5/post_identification_sync.dea4c6edb9680ccc956f.js?cb=2,https://whygolf.com/pages/best-golf-app-2026,,url_in_content
https://static.klaviyo.com/onsite/js/build-preview/commit-e93d48723ad76f27cbf4145e2c348bc69f9234d5/event_adapter.27d05c6b8025cc91f071.js?cb=2,https://whygolf.com/pages/best-golf-app-2026,,url_in_content
https://static-tracking.klaviyo.com/onsite/js/build-preview/commit-e93d48723ad76f27cbf4145e2c348bc69f9234d5/telemetry.41ad287d35b9d2794d64.js?cb=2,https://whygolf.com/pages/best-golf-app-2026,,url_in_content
https://app.judge.me/reviews/stores/whygolf,https://whygolf.com/pages/best-golf-app-2026,,url_in_content
https://www.golfmonthly.com/features,https://www.golfmonthly.com/best-golf-deals/best-golf-gps-apps-213526,Features,submission_hint_in_link
https://www.golfmonthly.com/reviews,https://www.golfmonthly.com/best-golf-deals/best-golf-gps-apps-213526,Reviews,submission_hint_in_link
https://www.golfmonthly.com/features/how-far-does-the-average-amateur-golfer-drive-the-golf-ball-in-2026,https://www.golfmonthly.com/best-golf-deals/best-golf-gps-apps-213526,How Far Does The Average Amateur Golfer Drive The Ball In 2026?,submission_hint_in_link
https://www.golfmonthly.com/features/5-most-useful-golf-equipment-youre-not-using,https://www.golfmonthly.com/best-golf-deals/best-golf-gps-apps-213526,The 5 Most Useful Pieces Of Golf Equipment You’re Probably Not Using,submission_hint_in_link
https://www.golfmonthly.com/features/editors-choice-2026-the-120-best-products-in-golf-this-year,https://www.golfmonthly.com/best-golf-deals/best-golf-gps-apps-213526,Editor's Choice 2026,submission_hint_in_link
https://www.golfmonthly.com/gear/gear-news/motocaddy-life-saving-gps-app-update-revealed-184556,https://www.golfmonthly.com/best-golf-deals/best-golf-gps-apps-213526,lifesaving AED and CPR features,submission_hint_in_link
https://www.golfmonthly.com/reviews/drivers/ping-g430-max-10k-driver-review,https://www.golfmonthly.com/best-golf-deals/best-golf-gps-apps-213526,Ping G430 Max 10K,submission_hint_in_link
https://www.golfmonthly.com/reviews/fairways/callaway-epic-speed-fairway-review,https://www.golfmonthly.com/best-golf-deals/best-golf-gps-apps-213526,Ping G440,submission_hint_in_link
https://www.golfmonthly.com/reviews/hybrids/ping-g425-hybrid-review,https://www.golfmonthly.com/best-golf-deals/best-golf-gps-apps-213526,Ping G425,submission_hint_in_link
https://www.golfmonthly.com/reviews/irons/takomo-201t-mkii-iron-review,https://www.golfmonthly.com/best-golf-deals/best-golf-gps-apps-213526,Takomo 201T MKII,submission_hint_in_link
https://www.golfmonthly.com/reviews/wedges/taylormade-milled-grind-3-wedge-review,https://www.golfmonthly.com/best-golf-deals/best-golf-gps-apps-213526,Taylormade Milled Grind,submission_hint_in_link
https://www.golfmonthly.com/reviews/putters/scotty-cameron-phantom-x-9-putter-review,https://www.golfmonthly.com/best-golf-deals/best-golf-gps-apps-213526,Scotty Cameron Phantom x9.5,submission_hint_in_link
https://www.golfmonthly.com/best-golf-deals/best-golf-gps-watches-136854,https://www.golfmonthly.com/best-golf-deals/best-golf-gps-apps-213526,"Buying Advice
                                                            
                            Best Golf Watches",submission_hint_in_link
https://www.golfmonthly.com/features/change-the-way-you-see-the-course-with-the-caddie-from-pinned-golf,https://www.golfmonthly.com/best-golf-deals/best-golf-gps-apps-213526,"Features
                                                            
                            Change The Way You See",submission_hint_in_link
https://www.golfmonthly.com/best-golf-deals/best-golf-simulator-213070,https://www.golfmonthly.com/best-golf-deals/best-golf-gps-apps-213526,"Buying Advice
                                                            
                            Best Golf Simulat",submission_hint_in_link
https://futureplc.com/contact/,https://www.golfmonthly.com/best-golf-deals/best-golf-gps-apps-213526,Contact Future's experts,submission_hint_in_link
https://www.golfmonthly.com/news/contact-us,https://www.golfmonthly.com/best-golf-deals/best-golf-gps-apps-213526,Contact us,submission_hint_in_link
https://purch1.atlassian.net/wiki/spaces/SUPPORT/pages/10863312897/Feature+Flags,https://www.golfmonthly.com/best-golf-deals/best-golf-gps-apps-213526,,url_in_content
https://www.golfmonthly.com/.newsletter-subscribe/v2/submission/submit_batch,https://www.golfmonthly.com/best-golf-deals/best-golf-gps-apps-213526,,url_in_content
https://www.golfmonthly.com/.newsletter-subscribe/v2/submission/submit,https://www.golfmonthly.com/best-golf-deals/best-golf-gps-apps-213526,,url_in_content
mailto:conor.keenan@futurenet.com,https://www.golfmonthly.com/best-golf-deals/best-golf-gps-apps-213526,conor.keenan@futurenet.com,email_found
https://www.golfpass.com/travel-advisor/write-review,https://golfpass.com/travel-advisor/articles/best-apple-watch-golf-apps,Write A Review,submission_hint_in_link
https://www.golfpass.com/travel-advisor/course-directory/1-world/,https://golfpass.com/travel-advisor/articles/best-apple-watch-golf-apps,Course Directory,submission_hint_in_link
https://www.golfpass.com/travel-advisor/course-directory,https://golfpass.com/travel-advisor/articles/best-apple-watch-golf-apps,Course Directory,submission_hint_in_link
https://www.golfpass.com/travel-advisor/articles/apple-watch-review-apps-for-golfers,https://golfpass.com/travel-advisor/articles/best-apple-watch-golf-apps,Apple Watch golf app review in 2019,submission_hint_in_link
https://www.golfpass.com/travel-advisor/articles/arccos-3-0-golf-shot-tracking-sensors-review,https://golfpass.com/travel-advisor/articles/best-apple-watch-golf-apps,,submission_hint_in_link
https://18birdies.com/features,https://golfpass.com/travel-advisor/articles/best-apple-watch-golf-apps,Click here to learn more,submission_hint_in_link
https://amzn.to/3QCmMOB,https://golfpass.com/travel-advisor/articles/best-apple-watch-golf-apps,Full Swing KIT features Tiger Woods,submission_hint_in_link
https://www.golfpass.com/travel-advisor/articles/best-portable-launch-monitors,https://golfpass.com/travel-advisor/articles/best-apple-watch-golf-apps,View our 2021 Portable Launch Monitor roundup,submission_hint_in_link
https://www.golfpass.com/travel-advisor/articles/engineers-country-club-1919-pga-championship-golf-course-review,https://golfpass.com/travel-advisor/articles/best-apple-watch-golf-apps,,submission_hint_in_link
https://www.facebook.com/dialog/share?app_id=140586622674265&display=popup&href=https://www.golfpass.com/travel-advisor/articles/engineers-country-club-1919-pga-championship-golf-course-review,https://golfpass.com/travel-advisor/articles/best-apple-watch-golf-apps,Facebook,submission_hint_in_link
https://twitter.com/intent/tweet?url=https://www.golfpass.com/travel-advisor/articles/engineers-country-club-1919-pga-championship-golf-course-review&text=This%20early%20PGA%20Championship%20host%20golf%20course%20is%20hiding%20near%20one%20of%20America%27s%20great%20cities,https://golfpass.com/travel-advisor/articles/best-apple-watch-golf-apps,Twitter,submission_hint_in_link
mailto:?body=This%20early%20PGA%20Championship%20host%20golf%20course%20is%20hiding%20near%20one%20of%20America%27s%20great%20cities%0A%0Ahttps%3A%2F%2Fwww.golfpass.com%2Ftravel-advisor%2Farticles%2Fengineers-country-club-1919-pga-championship-golf-course-review%0A%0AEngineers%20Country%20Club%2C%20the%20host%20of%20the%201919%20PGA%20and%201920%20U.S.%20Amateur%2C%20is%20one%20of%20the%20best%20American%20golf%20courses%20few%20have%20heard%20of.&,https://golfpass.com/travel-advisor/articles/best-apple-watch-golf-apps,Email,submission_hint_in_link
https://www.golfpass.com/travel-advisor/articles/aronimink-golf-club-2026-pga-championship-course-preview,https://golfpass.com/travel-advisor/articles/best-apple-watch-golf-apps,"What you need to know about Aronimink Golf Club, host of the 2026 PGA Championship",submission_hint_in_link
https://www.golfpass.com/contact-us,https://golfpass.com/travel-advisor/articles/best-apple-watch-golf-apps,Contact Us,submission_hint_in_link
https://golf-pass.brightspotcdn.com/resource/0000016e-fbef-df2e-af6e-fbff28030000/styleguide/All.min.72bbcd29df0c36c7b654693d8fb86573.gz.css,https://golfpass.com/travel-advisor/articles/best-apple-watch-golf-apps,,url_in_content
https://golf-pass.brightspotcdn.com/resource/0000016e-fbef-df2e-af6e-fbff28030000/styleguide/Header.min.72fe90881c4b28bd40b5785e9dd2fff4.gz.js,https://golfpass.com/travel-advisor/articles/best-apple-watch-golf-apps,,url_in_content
https://golf-pass.brightspotcdn.com/resource/0000016e-fbef-df2e-af6e-fbff28030000/webcomponents-loader/webcomponents-loader.266c0bb4f707570dca3c59bb04633dc0.gz.js,https://golfpass.com/travel-advisor/articles/best-apple-watch-golf-apps,,url_in_content
https://golf-pass.brightspotcdn.com/resource/0000016e-fbef-df2e-af6e-fbff28030000/styleguide/All.min.120d9b53b3b9ce3bac271c27feb26791.gz.js,https://golfpass.com/travel-advisor/articles/best-apple-watch-golf-apps,,url_in_content
https://golf-pass.brightspotcdn.com/resource/0000016e-fbef-df2e-af6e-fbff28030000/styleguide/assets/fonts/font-files/MaterialIcons-Regular.f82f3eaaadda277dbc502158945a5377.woff2,https://golfpass.com/travel-advisor/articles/best-apple-watch-golf-apps,,url_in_content
https://golf-pass.brightspotcdn.com/resource/0000016e-fbef-df2e-af6e-fbff28030000/styleguide/media/Chevron-Right.e04376683468f79c1937c3e616eed126.svg,https://golfpass.com/travel-advisor/articles/best-apple-watch-golf-apps,,url_in_content
https://golf-pass.brightspotcdn.com/resource/0000016e-fbef-df2e-af6e-fbff28030000/styleguide/media/Arrow-Left.8d7712e8d2c4941e3a19c50dde5c8f71.svg,https://golfpass.com/travel-advisor/articles/best-apple-watch-golf-apps,,url_in_content
https://golf-pass.brightspotcdn.com/resource/0000016e-fbef-df2e-af6e-fbff28030000/styleguide/media/Open.f767ca488032e0cf3a95993e85a15df4.svg,https://golfpass.com/travel-advisor/articles/best-apple-watch-golf-apps,,url_in_content
https://golf-pass.brightspotcdn.com/resource/0000016e-fbef-df2e-af6e-fbff28030000/styleguide/media/new-logos/abbreviated/digital/02_Inverse/GP_Abbr_Logo_RGB_Inverse.f69344a50234f42bf7a700827acfa792.svg,https://golfpass.com/travel-advisor/articles/best-apple-watch-golf-apps,,url_in_content
https://golf-pass.brightspotcdn.com/resource/0000016e-fbef-df2e-af6e-fbff28030000/styleguide/media/Liked.fdc599ca7480aae8dd298aaf15de371d.svg,https://golfpass.com/travel-advisor/articles/best-apple-watch-golf-apps,,url_in_content
https://golf-pass.brightspotcdn.com/resource/0000016e-fbef-df2e-af6e-fbff28030000/styleguide/media/Liked_Active.3c9a4fef8c438a17eb7241888120b443.svg,https://golfpass.com/travel-advisor/articles/best-apple-watch-golf-apps,,url_in_content
https://www.golfpass.com/travel-advisor/comment/submit,https://golfpass.com/travel-advisor/articles/best-apple-watch-golf-apps,,url_in_content
https://golf-pass.brightspotcdn.com/resource/0000016e-fbef-df2e-af6e-fbff28030000/styleguide/media/VertKebab.69b6dd9ba6b47fa0a789e2914d78f19a.svg,https://golfpass.com/travel-advisor/articles/best-apple-watch-golf-apps,,url_in_content
https://www.facebook.com/dialog/share?app_id=140586622674265&amp;display=popup&amp;href=https://www.golfpass.com/travel-advisor/articles/engineers-country-club-1919-pga-championship-golf-course-review,https://golfpass.com/travel-advisor/articles/best-apple-watch-golf-apps,,url_in_content
https://twitter.com/intent/tweet?url=https://www.golfpass.com/travel-advisor/articles/engineers-country-club-1919-pga-championship-golf-course-review&amp;text=This%20early%20PGA%20Championship%20host%20golf%20course%20is%20hiding%20near%20one%20of%20America%27s%20great%20cities,https://golfpass.com/travel-advisor/articles/best-apple-watch-golf-apps,,url_in_content
https://golf-pass.brightspotcdn.com/resource/0000016e-fbef-df2e-af6e-fbff28030000/styleguide/media/close-x-white.9946542080619fa52609d514e6826259.svg,https://golfpass.com/travel-advisor/articles/best-apple-watch-golf-apps,,url_in_content
https://golf-pass.brightspotcdn.com/resource/0000016e-fbef-df2e-af6e-fbff28030000/styleguide/media/new-logos/accountDrawer-golfpass.0c90035aa1e8932073668e4da4bd32fe.svg,https://golfpass.com/travel-advisor/articles/best-apple-watch-golf-apps,,url_in_content
https://golf-pass.brightspotcdn.com/resource/0000016e-fbef-df2e-af6e-fbff28030000/styleguide/media/new-logos/accountDrawer-golfnow.e5c6c7f9e73f693baaee5ceb8d588897.svg,https://golfpass.com/travel-advisor/articles/best-apple-watch-golf-apps,,url_in_content
https://golf-pass.brightspotcdn.com/resource/0000016e-fbef-df2e-af6e-fbff28030000/styleguide/media/new-logos/accountDrawer-compete.82817836cd6c1869b0a88573d5cc471a.svg,https://golfpass.com/travel-advisor/articles/best-apple-watch-golf-apps,,url_in_content
https://golf-pass.brightspotcdn.com/resource/0000016e-fbef-df2e-af6e-fbff28030000/styleguide/media/circle-round-black.779cfd7828c843fc7bad2ef5f3e3a724.svg,https://golfpass.com/travel-advisor/articles/best-apple-watch-golf-apps,,url_in_content
https://golf-pass.brightspotcdn.com/resource/0000016e-fbef-df2e-af6e-fbff28030000/_resource/analytics/bsp-analytics.min.686c87a3ca6667675841641b91fc7fe6.gz.js,https://golfpass.com/travel-advisor/articles/best-apple-watch-golf-apps,,url_in_content
http://www.eatsleepgolf.net/news/tag/Featured%20Flyovers,https://www.eatsleepgolf.net/directory,Featured Projects,submission_hint_in_link
http://www.eatsleepgolf.net/news/tag/Flyover%20Resources,https://www.eatsleepgolf.net/directory,Resources,submission_hint_in_link
https://www.eatsleepgolf.net/flyoverdirectory,https://www.eatsleepgolf.net/directory,Course Directory,submission_hint_in_link
http://www.eatsleepgolf.net/#!blog/coh1/Tag/PressReleases,https://www.eatsleepgolf.net/directory,Press Releases,submission_hint_in_link
http://www.eatsleepgolf.net/news/tag/Editorials,https://www.eatsleepgolf.net/directory,Editorials,submission_hint_in_link
https://www.eatsleepgolf.net/directory,https://www.eatsleepgolf.net/directory,Directory,submission_hint_in_link
https://www.eatsleepgolf.net/get-listed,https://www.eatsleepgolf.net/directory,Get Listed,submission_hint_in_link
https://www.eatsleepgolf.net/golf-apps,https://www.eatsleepgolf.net/directory,Golf Apps,submission_hint_in_link
https://www.eatsleepgolf.net/golf-apparel,https://www.eatsleepgolf.net/directory,Golf Apparel,submission_hint_in_link
https://static.parastorage.com/services/editor-elements-library/dist/thunderbolt/rb_wixui.thunderbolt_bootstrap.46bd2c00.min.css,https://www.eatsleepgolf.net/directory,,url_in_content
https://static.parastorage.com/services/editor-elements-library/dist/thunderbolt/rb_wixui.thunderbolt[WPhoto_RoundPhoto].c9c867b5.min.css,https://www.eatsleepgolf.net/directory,,url_in_content
https://static.parastorage.com/services/editor-elements-library/dist/thunderbolt/rb_wixui.thunderbolt[BgImageStrip].1015eb0f.min.css,https://www.eatsleepgolf.net/directory,,url_in_content
https://static.parastorage.com/services/editor-elements-library/dist/thunderbolt/media/ironpatern.bb7ea6a2.png)}.e2AmM8:after{content,https://www.eatsleepgolf.net/directory,,url_in_content
https://static.parastorage.com/services/editor-elements-library/dist/thunderbolt/rb_wixui.thunderbolt_bootstrap-responsive.4e8a21db.min.css,https://www.eatsleepgolf.net/directory,,url_in_content
https://static.parastorage.com/services/editor-elements-library/dist/thunderbolt/rb_wixui.thunderbolt_bootstrap-classic.c935692e.min.css,https://www.eatsleepgolf.net/directory,,url_in_content
https://static.parastorage.com/services/editor-elements-library/dist/thunderbolt/rb_wixui.thunderbolt[TextInput].09bdd016.min.css,https://www.eatsleepgolf.net/directory,,url_in_content
https://static.parastorage.com/services/editor-elements-library/dist/thunderbolt/rb_wixui.thunderbolt[AppWidget_Classic].912355a5.min.css,https://www.eatsleepgolf.net/directory,,url_in_content
https://static.parastorage.com/services/editor-elements-library/dist/thunderbolt/rb_wixui.thunderbolt[ScreenWidthContainer].e4b23f52.min.css,https://www.eatsleepgolf.net/directory,,url_in_content
https://static.parastorage.com/services/editor-elements-library/dist/thunderbolt/media/shdtop.0f8738db.png);background-repeat:no-repeat;position:absolute;top:-15px;bottom:-15px}.CgaiEw,https://www.eatsleepgolf.net/directory,,url_in_content
https://static.parastorage.com/services/editor-elements-library/dist/thunderbolt/media/shdbottom.03f16293.png);background-repeat:no-repeat;position:absolute;top:-15px;bottom:-15px}.tUH1qO,https://www.eatsleepgolf.net/directory,,url_in_content
https://static.parastorage.com/services/editor-elements-library/dist/thunderbolt/media/ironpatern.bb7ea6a2.png)}.SOND7z,https://www.eatsleepgolf.net/directory,,url_in_content
https://static.parastorage.com/services/editor-elements-library/dist/thunderbolt/media/bg_wood1.300a124f.jpg)}.rgedqJ,https://www.eatsleepgolf.net/directory,,url_in_content
https://static.parastorage.com/services/editor-elements-library/dist/thunderbolt/rb_wixui.thunderbolt[StateBox].6f97c3cd.min.css,https://www.eatsleepgolf.net/directory,,url_in_content
https://static.parastorage.com/services/editor-elements-library/dist/thunderbolt/rb_wixui.thunderbolt[SlideShowSlide].823a5527.min.css,https://www.eatsleepgolf.net/directory,,url_in_content
https://static.parastorage.com/services/editor-elements-library/dist/thunderbolt/rb_wixui.thunderbolt[SkipToContentButton].c9649c22.min.css,https://www.eatsleepgolf.net/directory,,url_in_content
https://static.parastorage.com/services/editor-elements-library/dist/thunderbolt/rb_wixui.thunderbolt[MatrixGallery_MatrixGalleryTextSlideUpSkin].5d45639f.min.css,https://www.eatsleepgolf.net/directory,,url_in_content
https://static.parastorage.com/services/editor-elements-library/dist/thunderbolt/rb_wixui.thunderbolt[ClassicSection].7a0c29eb.min.css,https://www.eatsleepgolf.net/directory,,url_in_content
https://siteassets.parastorage.com/pages/pages/thunderbolt?appDefinitionIdToSiteRevision=%7B%2214271d6f-ba62-d045-549b-ab972ae1f70e%22%3A%2225%22%2C%2214bcded7-0066-7c35-14d7-466cb3f09103%22%3A%221335%22%7D&amp;beckyExperiments=.DatePickerPortal%2C.DisableDocumentScrollWhenLightBoxOpen%2C.EnableCustomCSSVarsForLoginSocialBar%2C.FreemiumBannerOdeditor%2C.LoginBarEnableLoggingInStateInSSR%2C.TextInputAutoFillFix%2C.UseLoginSocialBarCustomMenu%2C.UseNestedLoginSocialBarMenuItems%2C.UseNewLoginBarDropdownMenuAlignment%2C.UseNewLoginSocialBarElementStructure%2C.UseNewLoginSocialBarMemberInitialsAvatar%2C.WixFreeSiteBannerDesktop%2C.WixFreeSiteBannerMobile%2C.a11yContrast%2C.addIdAsClassName%2C.allowWebpAvifTransforms%2C.buttonUdp%2C.calculateCollapsibleTextLineHeightByFont%2C.dom_store%2C.dontApplyDacOverridesOnBoBApps%2C.dynamicSlots%2C.fiveGridLineStudioSkins%2C.fixFirefoxLinkBarIntrinsicSizing%2C.imageEncodingAVIF%2C.isClassNameToRootEnabled%2C.motionTimeAnimationsCSS%2C.resolveTpaLinkByPageId%2C.responsiveContainerRoleGroup%2C.sectionA11yProps%2C.shouldUseResponsiveImages%2C.svgResolver_2%2C.updateRichTextSemanticClassNamesOnCorvid%2C.useClassnameInResponsiveAppWidget%2C.useFragmentHrefForTopBottomAnchor%2C.useImageAvifFormatInNativeProGallery%2C.useResponsiveImgClassicFixed%2C.useSvgLoaderFeature%2C.useSvgLoaderFeatureOnBuilderComps&amp;blocksBuilderManifestGeneratorVersion=1.129.0&amp;contentType=application%2Fjson&amp;deviceType=Desktop&amp;dfCk=6&amp;dfVersion=1.5419.0&amp;disableStaticPagesUrlHierarchy=false&amp;editorName=Unknown&amp;experiments=dm_bgScrubToMotionFixer%2Cdm_masterPageVariablesQueryFixer%2Cdm_migrateOldHoverBoxToNewFixer&amp;externalBaseUrl=https%3A%2F%2Fwww.eatsleepgolf.net&amp;fileId=88b1391b.bundle.min&amp;formFactor=desktop&amp;hasTPAWorkerOnSite=false&amp;hasUserDomainMedia=false&amp;isBuilderComponentModel=false&amp;isHttps=true&amp;isInSeo=false&amp;isMultilingualEnabled=false&amp;isPremiumDomain=true&amp;isTrackClicksAnalyticsEnabled=false&amp;isUrlMigrated=true&amp;isWixCodeOnPage=true&amp;isWixCodeOnSite=true&amp;language=en&amp;languageResolutionMethod=QueryParam&amp;metaSiteId=c08005c6-3938-4957-84c5-3234a7a6e5ff&amp;module=thunderbolt-features&amp;originalLanguage=en&amp;pageId=beda43_449497d3ab2627354af773f5515d072f_3022.json&amp;pilerExperiments=specs.piler.useEditorReactComponents&amp;quickActionsMenuEnabled=false&amp;registryLibrariesTopology=%5B%7B%22artifactId%22%3A%22editor-elements%22%2C%22namespace%22%3A%22wixui%22%2C%22url%22%3A%22https%3A%2F%2Fstatic.parastorage.com%2Fservices%2Feditor-elements%2F1.15159.0%22%7D%2C%7B%22artifactId%22%3A%22editor-elements%22%2C%22namespace%22%3A%22dsgnsys%22%2C%22url%22%3A%22https%3A%2F%2Fstatic.parastorage.com%2Fservices%2Feditor-elements%2F1.15159.0%22%7D%5D&amp;remoteWidgetStructureBuilderVersion=1.251.0&amp;siteId=5dfc8a73-c8a4-4f0a-b8cb-5a2b7dc0ecd0&amp;siteRevision=3025&amp;staticHTMLComponentUrl=https%3A%2F%2Fwww-eatsleepgolf-net.filesusr.com%2F&amp;useSandboxInHTMLComp=false&amp;viewMode=desktop,https://www.eatsleepgolf.net/directory,,url_in_content
https://siteassets.parastorage.com/pages/pages/thunderbolt?appDefinitionIdToSiteRevision=%7B%2214271d6f-ba62-d045-549b-ab972ae1f70e%22%3A%2225%22%2C%2214bcded7-0066-7c35-14d7-466cb3f09103%22%3A%221335%22%7D&amp;beckyExperiments=.DatePickerPortal%2C.DisableDocumentScrollWhenLightBoxOpen%2C.EnableCustomCSSVarsForLoginSocialBar%2C.FreemiumBannerOdeditor%2C.LoginBarEnableLoggingInStateInSSR%2C.TextInputAutoFillFix%2C.UseLoginSocialBarCustomMenu%2C.UseNestedLoginSocialBarMenuItems%2C.UseNewLoginBarDropdownMenuAlignment%2C.UseNewLoginSocialBarElementStructure%2C.UseNewLoginSocialBarMemberInitialsAvatar%2C.WixFreeSiteBannerDesktop%2C.WixFreeSiteBannerMobile%2C.a11yContrast%2C.addIdAsClassName%2C.allowWebpAvifTransforms%2C.buttonUdp%2C.calculateCollapsibleTextLineHeightByFont%2C.dom_store%2C.dontApplyDacOverridesOnBoBApps%2C.dynamicSlots%2C.fiveGridLineStudioSkins%2C.fixFirefoxLinkBarIntrinsicSizing%2C.imageEncodingAVIF%2C.isClassNameToRootEnabled%2C.motionTimeAnimationsCSS%2C.resolveTpaLinkByPageId%2C.responsiveContainerRoleGroup%2C.sectionA11yProps%2C.shouldUseResponsiveImages%2C.svgResolver_2%2C.updateRichTextSemanticClassNamesOnCorvid%2C.useClassnameInResponsiveAppWidget%2C.useFragmentHrefForTopBottomAnchor%2C.useImageAvifFormatInNativeProGallery%2C.useResponsiveImgClassicFixed%2C.useSvgLoaderFeature%2C.useSvgLoaderFeatureOnBuilderComps&amp;blocksBuilderManifestGeneratorVersion=1.129.0&amp;contentType=application%2Fjson&amp;deviceType=Desktop&amp;dfCk=6&amp;dfVersion=1.5419.0&amp;disableStaticPagesUrlHierarchy=false&amp;editorName=Unknown&amp;experiments=dm_bgScrubToMotionFixer%2Cdm_masterPageVariablesQueryFixer%2Cdm_migrateOldHoverBoxToNewFixer&amp;externalBaseUrl=https%3A%2F%2Fwww.eatsleepgolf.net&amp;fileId=88b1391b.bundle.min&amp;formFactor=desktop&amp;hasTPAWorkerOnSite=false&amp;hasUserDomainMedia=false&amp;isBuilderComponentModel=false&amp;isHttps=true&amp;isInSeo=false&amp;isMultilingualEnabled=false&amp;isPremiumDomain=true&amp;isTrackClicksAnalyticsEnabled=false&amp;isUrlMigrated=true&amp;isWixCodeOnPage=false&amp;isWixCodeOnSite=true&amp;language=en&amp;languageResolutionMethod=QueryParam&amp;metaSiteId=c08005c6-3938-4957-84c5-3234a7a6e5ff&amp;module=thunderbolt-features&amp;originalLanguage=en&amp;pageId=beda43_a51b534d81085a806598e55136970c41_3022.json&amp;pilerExperiments=specs.piler.useEditorReactComponents&amp;quickActionsMenuEnabled=false&amp;registryLibrariesTopology=%5B%7B%22artifactId%22%3A%22editor-elements%22%2C%22namespace%22%3A%22wixui%22%2C%22url%22%3A%22https%3A%2F%2Fstatic.parastorage.com%2Fservices%2Feditor-elements%2F1.15159.0%22%7D%2C%7B%22artifactId%22%3A%22editor-elements%22%2C%22namespace%22%3A%22dsgnsys%22%2C%22url%22%3A%22https%3A%2F%2Fstatic.parastorage.com%2Fservices%2Feditor-elements%2F1.15159.0%22%7D%5D&amp;remoteWidgetStructureBuilderVersion=1.251.0&amp;siteId=5dfc8a73-c8a4-4f0a-b8cb-5a2b7dc0ecd0&amp;siteRevision=3025&amp;staticHTMLComponentUrl=https%3A%2F%2Fwww-eatsleepgolf-net.filesusr.com%2F&amp;useSandboxInHTMLComp=false&amp;viewMode=desktop,https://www.eatsleepgolf.net/directory,,url_in_content
https://siteassets.parastorage.com/pages/pages/thunderbolt?appDefinitionIdToSiteRevision=%7B%2214271d6f-ba62-d045-549b-ab972ae1f70e%22%3A%2225%22%2C%2214bcded7-0066-7c35-14d7-466cb3f09103%22%3A%221335%22%7D&amp;beckyExperiments=.DatePickerPortal%2C.EnableCustomCSSVarsForLoginSocialBar%2C.FreemiumBannerOdeditor%2C.LoginBarEnableLoggingInStateInSSR%2C.TextInputAutoFillFix%2C.UseLoginSocialBarCustomMenu%2C.UseNestedLoginSocialBarMenuItems%2C.UseNewLoginBarDropdownMenuAlignment%2C.UseNewLoginSocialBarElementStructure%2C.UseNewLoginSocialBarMemberInitialsAvatar%2C.WixFreeSiteBannerDesktop%2C.WixFreeSiteBannerMobile%2C.addIdAsClassName%2C.buttonUdp%2C.calculateCollapsibleTextLineHeightByFont%2C.dynamicSlots%2C.fiveGridLineStudioSkins%2C.fixFirefoxLinkBarIntrinsicSizing%2C.isClassNameToRootEnabled%2C.migrateSdkDataMappers%2C.svgResolver_2%2C.updateRichTextSemanticClassNamesOnCorvid%2C.useClassnameInResponsiveAppWidget%2C.useImageAvifFormatInNativeProGallery&amp;blocksBuilderManifestGeneratorVersion=1.129.0&amp;contentType=application%2Fjson&amp;dfCk=6&amp;dfVersion=1.5419.0&amp;editorName=Unknown&amp;experiments=dm_bgScrubToMotionFixer%2Cdm_masterPageVariablesQueryFixer%2Cdm_migrateOldHoverBoxToNewFixer&amp;externalBaseUrl=https%3A%2F%2Fwww.eatsleepgolf.net&amp;fileId=c8a9c6a4.bundle.min&amp;formFactor=desktop&amp;hasTPAWorkerOnSite=false&amp;hasUserDomainMedia=false&amp;isBuilderComponentModel=false&amp;isHttps=true&amp;isInSeo=false&amp;isPremiumDomain=true&amp;isUrlMigrated=true&amp;isWixCodeOnPage=true&amp;isWixCodeOnSite=true&amp;language=en&amp;metaSiteId=c08005c6-3938-4957-84c5-3234a7a6e5ff&amp;module=thunderbolt-platform&amp;originalLanguage=en&amp;pageId=beda43_449497d3ab2627354af773f5515d072f_3022.json&amp;pilerExperiments=specs.piler.useEditorReactComponents&amp;quickActionsMenuEnabled=false&amp;registryLibrariesTopology=%5B%7B%22artifactId%22%3A%22editor-elements%22%2C%22namespace%22%3A%22wixui%22%2C%22url%22%3A%22https%3A%2F%2Fstatic.parastorage.com%2Fservices%2Feditor-elements%2F1.15159.0%22%7D%2C%7B%22artifactId%22%3A%22editor-elements%22%2C%22namespace%22%3A%22dsgnsys%22%2C%22url%22%3A%22https%3A%2F%2Fstatic.parastorage.com%2Fservices%2Feditor-elements%2F1.15159.0%22%7D%5D&amp;remoteWidgetStructureBuilderVersion=1.251.0&amp;siteId=5dfc8a73-c8a4-4f0a-b8cb-5a2b7dc0ecd0&amp;siteRevision=3025&amp;staticHTMLComponentUrl=https%3A%2F%2Fwww-eatsleepgolf-net.filesusr.com%2F&amp;viewMode=desktop,https://www.eatsleepgolf.net/directory,,url_in_content
https://siteassets.parastorage.com/pages/pages/thunderbolt?appDefinitionIdToSiteRevision=%7B%2214271d6f-ba62-d045-549b-ab972ae1f70e%22%3A%2225%22%2C%2214bcded7-0066-7c35-14d7-466cb3f09103%22%3A%221335%22%7D&amp;beckyExperiments=.DatePickerPortal%2C.EnableCustomCSSVarsForLoginSocialBar%2C.FreemiumBannerOdeditor%2C.LoginBarEnableLoggingInStateInSSR%2C.TextInputAutoFillFix%2C.UseLoginSocialBarCustomMenu%2C.UseNestedLoginSocialBarMenuItems%2C.UseNewLoginBarDropdownMenuAlignment%2C.UseNewLoginSocialBarElementStructure%2C.UseNewLoginSocialBarMemberInitialsAvatar%2C.WixFreeSiteBannerDesktop%2C.WixFreeSiteBannerMobile%2C.addIdAsClassName%2C.buttonUdp%2C.calculateCollapsibleTextLineHeightByFont%2C.dynamicSlots%2C.fiveGridLineStudioSkins%2C.fixFirefoxLinkBarIntrinsicSizing%2C.isClassNameToRootEnabled%2C.migrateSdkDataMappers%2C.svgResolver_2%2C.updateRichTextSemanticClassNamesOnCorvid%2C.useClassnameInResponsiveAppWidget%2C.useImageAvifFormatInNativeProGallery&amp;blocksBuilderManifestGeneratorVersion=1.129.0&amp;contentType=application%2Fjson&amp;dfCk=6&amp;dfVersion=1.5419.0&amp;editorName=Unknown&amp;experiments=dm_bgScrubToMotionFixer%2Cdm_masterPageVariablesQueryFixer%2Cdm_migrateOldHoverBoxToNewFixer&amp;externalBaseUrl=https%3A%2F%2Fwww.eatsleepgolf.net&amp;fileId=c8a9c6a4.bundle.min&amp;formFactor=desktop&amp;hasTPAWorkerOnSite=false&amp;hasUserDomainMedia=false&amp;isBuilderComponentModel=false&amp;isHttps=true&amp;isInSeo=false&amp;isPremiumDomain=true&amp;isUrlMigrated=true&amp;isWixCodeOnPage=false&amp;isWixCodeOnSite=true&amp;language=en&amp;metaSiteId=c08005c6-3938-4957-84c5-3234a7a6e5ff&amp;module=thunderbolt-platform&amp;originalLanguage=en&amp;pageId=beda43_a51b534d81085a806598e55136970c41_3022.json&amp;pilerExperiments=specs.piler.useEditorReactComponents&amp;quickActionsMenuEnabled=false&amp;registryLibrariesTopology=%5B%7B%22artifactId%22%3A%22editor-elements%22%2C%22namespace%22%3A%22wixui%22%2C%22url%22%3A%22https%3A%2F%2Fstatic.parastorage.com%2Fservices%2Feditor-elements%2F1.15159.0%22%7D%2C%7B%22artifactId%22%3A%22editor-elements%22%2C%22namespace%22%3A%22dsgnsys%22%2C%22url%22%3A%22https%3A%2F%2Fstatic.parastorage.com%2Fservices%2Feditor-elements%2F1.15159.0%22%7D%5D&amp;remoteWidgetStructureBuilderVersion=1.251.0&amp;siteId=5dfc8a73-c8a4-4f0a-b8cb-5a2b7dc0ecd0&amp;siteRevision=3025&amp;staticHTMLComponentUrl=https%3A%2F%2Fwww-eatsleepgolf-net.filesusr.com%2F&amp;viewMode=desktop,https://www.eatsleepgolf.net/directory,,url_in_content
https://605a7baede844d278b89dc95ae0a9123@sentry-next.wixpress.com/68,https://www.eatsleepgolf.net/directory,,url_in_content
mailto:info@eatsleepgolf.ca,https://www.eatsleepgolf.net/directory,info@eatsleepgolf.ca,email_found
mailto:605a7baede844d278b89dc95ae0a9123@sentry-next.wixpress.com,https://www.eatsleepgolf.net/directory,605a7baede844d278b89dc95ae0a9123@sentry-next.wixpress.com,email_found
mailto:baf30a2b91654c5a840931f0137bed30@sentry.wixpress.com,https://www.eatsleepgolf.net/directory,baf30a2b91654c5a840931f0137bed30@sentry.wixpress.com,email_found
mailto:0e6a29e4756740a8a63493e912ba2174@sentry.wixpress.com,https://www.eatsleepgolf.net/directory,0e6a29e4756740a8a63493e912ba2174@sentry.wixpress.com,email_found
mailto:8eb368c655b84e029ed79ad7a5c1718e@sentry.wixpress.com,https://www.eatsleepgolf.net/directory,8eb368c655b84e029ed79ad7a5c1718e@sentry.wixpress.com,email_found
mailto:2062d0a4929b45348643784b5cb39c36@sentry.wixpress.com,https://www.eatsleepgolf.net/directory,2062d0a4929b45348643784b5cb39c36@sentry.wixpress.com,email_found
http://www.eatsleepgolf.net/news/tag/Featured%20Flyovers,https://www.eatsleepgolf.net/get-listed,Featured Projects,submission_hint_in_link
http://www.eatsleepgolf.net/news/tag/Flyover%20Resources,https://www.eatsleepgolf.net/get-listed,Resources,submission_hint_in_link
https://www.eatsleepgolf.net/flyoverdirectory,https://www.eatsleepgolf.net/get-listed,Course Directory,submission_hint_in_link
http://www.eatsleepgolf.net/#!blog/coh1/Tag/PressReleases,https://www.eatsleepgolf.net/get-listed,Press Releases,submission_hint_in_link
http://www.eatsleepgolf.net/news/tag/Editorials,https://www.eatsleepgolf.net/get-listed,Editorials,submission_hint_in_link
https://www.eatsleepgolf.net/directory,https://www.eatsleepgolf.net/get-listed,Directory,submission_hint_in_link
https://www.eatsleepgolf.net/get-listed,https://www.eatsleepgolf.net/get-listed,Get Listed,submission_hint_in_link
https://static.parastorage.com/services/editor-elements-library/dist/thunderbolt/rb_wixui.thunderbolt_bootstrap.46bd2c00.min.css,https://www.eatsleepgolf.net/get-listed,,url_in_content
https://static.parastorage.com/services/editor-elements-library/dist/thunderbolt/rb_wixui.thunderbolt[WPhoto_RoundPhoto].c9c867b5.min.css,https://www.eatsleepgolf.net/get-listed,,url_in_content
https://static.parastorage.com/services/editor-elements-library/dist/thunderbolt/rb_wixui.thunderbolt[BgImageStrip].1015eb0f.min.css,https://www.eatsleepgolf.net/get-listed,,url_in_content
https://static.parastorage.com/services/editor-elements-library/dist/thunderbolt/media/ironpatern.bb7ea6a2.png)}.e2AmM8:after{content,https://www.eatsleepgolf.net/get-listed,,url_in_content
https://static.parastorage.com/services/editor-elements-library/dist/thunderbolt/rb_wixui.thunderbolt_bootstrap-responsive.4e8a21db.min.css,https://www.eatsleepgolf.net/get-listed,,url_in_content
https://static.parastorage.com/services/editor-elements-library/dist/thunderbolt/rb_wixui.thunderbolt_bootstrap-classic.c935692e.min.css,https://www.eatsleepgolf.net/get-listed,,url_in_content
https://static.parastorage.com/services/editor-elements-library/dist/thunderbolt/rb_wixui.thunderbolt[TextInput].09bdd016.min.css,https://www.eatsleepgolf.net/get-listed,,url_in_content
https://static.parastorage.com/services/editor-elements-library/dist/thunderbolt/rb_wixui.thunderbolt[AppWidget_Classic].912355a5.min.css,https://www.eatsleepgolf.net/get-listed,,url_in_content
https://static.parastorage.com/services/editor-elements-library/dist/thunderbolt/rb_wixui.thunderbolt[ScreenWidthContainer].e4b23f52.min.css,https://www.eatsleepgolf.net/get-listed,,url_in_content
https://static.parastorage.com/services/editor-elements-library/dist/thunderbolt/media/shdtop.0f8738db.png);background-repeat:no-repeat;position:absolute;top:-15px;bottom:-15px}.CgaiEw,https://www.eatsleepgolf.net/get-listed,,url_in_content
https://static.parastorage.com/services/editor-elements-library/dist/thunderbolt/media/shdbottom.03f16293.png);background-repeat:no-repeat;position:absolute;top:-15px;bottom:-15px}.tUH1qO,https://www.eatsleepgolf.net/get-listed,,url_in_content
https://static.parastorage.com/services/editor-elements-library/dist/thunderbolt/media/ironpatern.bb7ea6a2.png)}.SOND7z,https://www.eatsleepgolf.net/get-listed,,url_in_content
https://static.parastorage.com/services/editor-elements-library/dist/thunderbolt/media/bg_wood1.300a124f.jpg)}.rgedqJ,https://www.eatsleepgolf.net/get-listed,,url_in_content
https://static.parastorage.com/services/editor-elements-library/dist/thunderbolt/rb_wixui.thunderbolt[StateBox].6f97c3cd.min.css,https://www.eatsleepgolf.net/get-listed,,url_in_content
https://static.parastorage.com/services/editor-elements-library/dist/thunderbolt/rb_wixui.thunderbolt[SlideShowSlide].823a5527.min.css,https://www.eatsleepgolf.net/get-listed,,url_in_content
https://static.parastorage.com/services/editor-elements-library/dist/thunderbolt/rb_wixui.thunderbolt[SkipToContentButton].c9649c22.min.css,https://www.eatsleepgolf.net/get-listed,,url_in_content
https://static.parastorage.com/services/editor-elements-library/dist/thunderbolt/rb_wixui.thunderbolt[PayPalButton].c81444c3.min.css,https://www.eatsleepgolf.net/get-listed,,url_in_content
https://static.parastorage.com/services/editor-elements-library/dist/thunderbolt/rb_wixui.thunderbolt[TextAreaInput].d84c85b1.min.css,https://www.eatsleepgolf.net/get-listed,,url_in_content
https://static.parastorage.com/services/editor-elements-library/dist/thunderbolt/rb_wixui.thunderbolt[ClassicSection].7a0c29eb.min.css,https://www.eatsleepgolf.net/get-listed,,url_in_content
https://static.parastorage.com/services/editor-elements-library/dist/thunderbolt/rb_wixui.thunderbolt[FormContainer_FormContainerSkin].53afbb82.min.css,https://www.eatsleepgolf.net/get-listed,,url_in_content
https://siteassets.parastorage.com/pages/pages/thunderbolt?appDefinitionIdToSiteRevision=%7B%2214271d6f-ba62-d045-549b-ab972ae1f70e%22%3A%2225%22%2C%2214bcded7-0066-7c35-14d7-466cb3f09103%22%3A%221335%22%7D&amp;beckyExperiments=.DatePickerPortal%2C.DisableDocumentScrollWhenLightBoxOpen%2C.EnableCustomCSSVarsForLoginSocialBar%2C.FreemiumBannerOdeditor%2C.LoginBarEnableLoggingInStateInSSR%2C.TextInputAutoFillFix%2C.UseLoginSocialBarCustomMenu%2C.UseNestedLoginSocialBarMenuItems%2C.UseNewLoginBarDropdownMenuAlignment%2C.UseNewLoginSocialBarElementStructure%2C.UseNewLoginSocialBarMemberInitialsAvatar%2C.WixFreeSiteBannerDesktop%2C.WixFreeSiteBannerMobile%2C.a11yContrast%2C.addIdAsClassName%2C.allowWebpAvifTransforms%2C.buttonUdp%2C.calculateCollapsibleTextLineHeightByFont%2C.dom_store%2C.dontApplyDacOverridesOnBoBApps%2C.dynamicSlots%2C.fiveGridLineStudioSkins%2C.fixFirefoxLinkBarIntrinsicSizing%2C.imageEncodingAVIF%2C.isClassNameToRootEnabled%2C.motionTimeAnimationsCSS%2C.resolveTpaLinkByPageId%2C.responsiveContainerRoleGroup%2C.sectionA11yProps%2C.shouldUseResponsiveImages%2C.svgResolver_2%2C.updateRichTextSemanticClassNamesOnCorvid%2C.useClassnameInResponsiveAppWidget%2C.useFragmentHrefForTopBottomAnchor%2C.useImageAvifFormatInNativeProGallery%2C.useResponsiveImgClassicFixed%2C.useSvgLoaderFeature%2C.useSvgLoaderFeatureOnBuilderComps&amp;blocksBuilderManifestGeneratorVersion=1.129.0&amp;contentType=application%2Fjson&amp;deviceType=Desktop&amp;dfCk=6&amp;dfVersion=1.5419.0&amp;disableStaticPagesUrlHierarchy=false&amp;editorName=Unknown&amp;experiments=dm_bgScrubToMotionFixer%2Cdm_masterPageVariablesQueryFixer%2Cdm_migrateOldHoverBoxToNewFixer&amp;externalBaseUrl=https%3A%2F%2Fwww.eatsleepgolf.net&amp;fileId=88b1391b.bundle.min&amp;formFactor=desktop&amp;hasTPAWorkerOnSite=false&amp;hasUserDomainMedia=false&amp;isBuilderComponentModel=false&amp;isHttps=true&amp;isInSeo=false&amp;isMultilingualEnabled=false&amp;isPremiumDomain=true&amp;isTrackClicksAnalyticsEnabled=false&amp;isUrlMigrated=true&amp;isWixCodeOnPage=true&amp;isWixCodeOnSite=true&amp;language=en&amp;languageResolutionMethod=QueryParam&amp;metaSiteId=c08005c6-3938-4957-84c5-3234a7a6e5ff&amp;module=thunderbolt-features&amp;originalLanguage=en&amp;pageId=beda43_449497d3ab2627354af773f5515d072f_3022.json&amp;pilerExperiments=specs.piler.useEditorReactComponents&amp;quickActionsMenuEnabled=false&amp;registryLibrariesTopology=%5B%7B%22artifactId%22%3A%22editor-elements%22%2C%22namespace%22%3A%22wixui%22%2C%22url%22%3A%22https%3A%2F%2Fstatic.parastorage.com%2Fservices%2Feditor-elements%2F1.15159.0%22%7D%2C%7B%22artifactId%22%3A%22editor-elements%22%2C%22namespace%22%3A%22dsgnsys%22%2C%22url%22%3A%22https%3A%2F%2Fstatic.parastorage.com%2Fservices%2Feditor-elements%2F1.15159.0%22%7D%5D&amp;remoteWidgetStructureBuilderVersion=1.251.0&amp;siteId=5dfc8a73-c8a4-4f0a-b8cb-5a2b7dc0ecd0&amp;siteRevision=3025&amp;staticHTMLComponentUrl=https%3A%2F%2Fwww-eatsleepgolf-net.filesusr.com%2F&amp;useSandboxInHTMLComp=false&amp;viewMode=desktop,https://www.eatsleepgolf.net/get-listed,,url_in_content
https://siteassets.parastorage.com/pages/pages/thunderbolt?appDefinitionIdToSiteRevision=%7B%2214271d6f-ba62-d045-549b-ab972ae1f70e%22%3A%2225%22%2C%2214bcded7-0066-7c35-14d7-466cb3f09103%22%3A%221335%22%7D&amp;beckyExperiments=.DatePickerPortal%2C.DisableDocumentScrollWhenLightBoxOpen%2C.EnableCustomCSSVarsForLoginSocialBar%2C.FreemiumBannerOdeditor%2C.LoginBarEnableLoggingInStateInSSR%2C.TextInputAutoFillFix%2C.UseLoginSocialBarCustomMenu%2C.UseNestedLoginSocialBarMenuItems%2C.UseNewLoginBarDropdownMenuAlignment%2C.UseNewLoginSocialBarElementStructure%2C.UseNewLoginSocialBarMemberInitialsAvatar%2C.WixFreeSiteBannerDesktop%2C.WixFreeSiteBannerMobile%2C.a11yContrast%2C.addIdAsClassName%2C.allowWebpAvifTransforms%2C.buttonUdp%2C.calculateCollapsibleTextLineHeightByFont%2C.dom_store%2C.dontApplyDacOverridesOnBoBApps%2C.dynamicSlots%2C.fiveGridLineStudioSkins%2C.fixFirefoxLinkBarIntrinsicSizing%2C.imageEncodingAVIF%2C.isClassNameToRootEnabled%2C.motionTimeAnimationsCSS%2C.resolveTpaLinkByPageId%2C.responsiveContainerRoleGroup%2C.sectionA11yProps%2C.shouldUseResponsiveImages%2C.svgResolver_2%2C.updateRichTextSemanticClassNamesOnCorvid%2C.useClassnameInResponsiveAppWidget%2C.useFragmentHrefForTopBottomAnchor%2C.useImageAvifFormatInNativeProGallery%2C.useResponsiveImgClassicFixed%2C.useSvgLoaderFeature%2C.useSvgLoaderFeatureOnBuilderComps&amp;blocksBuilderManifestGeneratorVersion=1.129.0&amp;contentType=application%2Fjson&amp;deviceType=Desktop&amp;dfCk=6&amp;dfVersion=1.5419.0&amp;disableStaticPagesUrlHierarchy=false&amp;editorName=Unknown&amp;experiments=dm_bgScrubToMotionFixer%2Cdm_masterPageVariablesQueryFixer%2Cdm_migrateOldHoverBoxToNewFixer&amp;externalBaseUrl=https%3A%2F%2Fwww.eatsleepgolf.net&amp;fileId=88b1391b.bundle.min&amp;formFactor=desktop&amp;hasTPAWorkerOnSite=false&amp;hasUserDomainMedia=false&amp;isBuilderComponentModel=false&amp;isHttps=true&amp;isInSeo=false&amp;isMultilingualEnabled=false&amp;isPremiumDomain=true&amp;isTrackClicksAnalyticsEnabled=false&amp;isUrlMigrated=true&amp;isWixCodeOnPage=false&amp;isWixCodeOnSite=true&amp;language=en&amp;languageResolutionMethod=QueryParam&amp;metaSiteId=c08005c6-3938-4957-84c5-3234a7a6e5ff&amp;module=thunderbolt-features&amp;originalLanguage=en&amp;pageId=beda43_739f8e38d6114bc6f859057f76f37fff_3022.json&amp;pilerExperiments=specs.piler.useEditorReactComponents&amp;quickActionsMenuEnabled=false&amp;registryLibrariesTopology=%5B%7B%22artifactId%22%3A%22editor-elements%22%2C%22namespace%22%3A%22wixui%22%2C%22url%22%3A%22https%3A%2F%2Fstatic.parastorage.com%2Fservices%2Feditor-elements%2F1.15159.0%22%7D%2C%7B%22artifactId%22%3A%22editor-elements%22%2C%22namespace%22%3A%22dsgnsys%22%2C%22url%22%3A%22https%3A%2F%2Fstatic.parastorage.com%2Fservices%2Feditor-elements%2F1.15159.0%22%7D%5D&amp;remoteWidgetStructureBuilderVersion=1.251.0&amp;siteId=5dfc8a73-c8a4-4f0a-b8cb-5a2b7dc0ecd0&amp;siteRevision=3025&amp;staticHTMLComponentUrl=https%3A%2F%2Fwww-eatsleepgolf-net.filesusr.com%2F&amp;useSandboxInHTMLComp=false&amp;viewMode=desktop,https://www.eatsleepgolf.net/get-listed,,url_in_content
https://siteassets.parastorage.com/pages/pages/thunderbolt?appDefinitionIdToSiteRevision=%7B%2214271d6f-ba62-d045-549b-ab972ae1f70e%22%3A%2225%22%2C%2214bcded7-0066-7c35-14d7-466cb3f09103%22%3A%221335%22%7D&amp;beckyExperiments=.DatePickerPortal%2C.EnableCustomCSSVarsForLoginSocialBar%2C.FreemiumBannerOdeditor%2C.LoginBarEnableLoggingInStateInSSR%2C.TextInputAutoFillFix%2C.UseLoginSocialBarCustomMenu%2C.UseNestedLoginSocialBarMenuItems%2C.UseNewLoginBarDropdownMenuAlignment%2C.UseNewLoginSocialBarElementStructure%2C.UseNewLoginSocialBarMemberInitialsAvatar%2C.WixFreeSiteBannerDesktop%2C.WixFreeSiteBannerMobile%2C.addIdAsClassName%2C.buttonUdp%2C.calculateCollapsibleTextLineHeightByFont%2C.dynamicSlots%2C.fiveGridLineStudioSkins%2C.fixFirefoxLinkBarIntrinsicSizing%2C.isClassNameToRootEnabled%2C.migrateSdkDataMappers%2C.svgResolver_2%2C.updateRichTextSemanticClassNamesOnCorvid%2C.useClassnameInResponsiveAppWidget%2C.useImageAvifFormatInNativeProGallery&amp;blocksBuilderManifestGeneratorVersion=1.129.0&amp;contentType=application%2Fjson&amp;dfCk=6&amp;dfVersion=1.5419.0&amp;editorName=Unknown&amp;experiments=dm_bgScrubToMotionFixer%2Cdm_masterPageVariablesQueryFixer%2Cdm_migrateOldHoverBoxToNewFixer&amp;externalBaseUrl=https%3A%2F%2Fwww.eatsleepgolf.net&amp;fileId=c8a9c6a4.bundle.min&amp;formFactor=desktop&amp;hasTPAWorkerOnSite=false&amp;hasUserDomainMedia=false&amp;isBuilderComponentModel=false&amp;isHttps=true&amp;isInSeo=false&amp;isPremiumDomain=true&amp;isUrlMigrated=true&amp;isWixCodeOnPage=true&amp;isWixCodeOnSite=true&amp;language=en&amp;metaSiteId=c08005c6-3938-4957-84c5-3234a7a6e5ff&amp;module=thunderbolt-platform&amp;originalLanguage=en&amp;pageId=beda43_449497d3ab2627354af773f5515d072f_3022.json&amp;pilerExperiments=specs.piler.useEditorReactComponents&amp;quickActionsMenuEnabled=false&amp;registryLibrariesTopology=%5B%7B%22artifactId%22%3A%22editor-elements%22%2C%22namespace%22%3A%22wixui%22%2C%22url%22%3A%22https%3A%2F%2Fstatic.parastorage.com%2Fservices%2Feditor-elements%2F1.15159.0%22%7D%2C%7B%22artifactId%22%3A%22editor-elements%22%2C%22namespace%22%3A%22dsgnsys%22%2C%22url%22%3A%22https%3A%2F%2Fstatic.parastorage.com%2Fservices%2Feditor-elements%2F1.15159.0%22%7D%5D&amp;remoteWidgetStructureBuilderVersion=1.251.0&amp;siteId=5dfc8a73-c8a4-4f0a-b8cb-5a2b7dc0ecd0&amp;siteRevision=3025&amp;staticHTMLComponentUrl=https%3A%2F%2Fwww-eatsleepgolf-net.filesusr.com%2F&amp;viewMode=desktop,https://www.eatsleepgolf.net/get-listed,,url_in_content
https://siteassets.parastorage.com/pages/pages/thunderbolt?appDefinitionIdToSiteRevision=%7B%2214271d6f-ba62-d045-549b-ab972ae1f70e%22%3A%2225%22%2C%2214bcded7-0066-7c35-14d7-466cb3f09103%22%3A%221335%22%7D&amp;beckyExperiments=.DatePickerPortal%2C.EnableCustomCSSVarsForLoginSocialBar%2C.FreemiumBannerOdeditor%2C.LoginBarEnableLoggingInStateInSSR%2C.TextInputAutoFillFix%2C.UseLoginSocialBarCustomMenu%2C.UseNestedLoginSocialBarMenuItems%2C.UseNewLoginBarDropdownMenuAlignment%2C.UseNewLoginSocialBarElementStructure%2C.UseNewLoginSocialBarMemberInitialsAvatar%2C.WixFreeSiteBannerDesktop%2C.WixFreeSiteBannerMobile%2C.addIdAsClassName%2C.buttonUdp%2C.calculateCollapsibleTextLineHeightByFont%2C.dynamicSlots%2C.fiveGridLineStudioSkins%2C.fixFirefoxLinkBarIntrinsicSizing%2C.isClassNameToRootEnabled%2C.migrateSdkDataMappers%2C.svgResolver_2%2C.updateRichTextSemanticClassNamesOnCorvid%2C.useClassnameInResponsiveAppWidget%2C.useImageAvifFormatInNativeProGallery&amp;blocksBuilderManifestGeneratorVersion=1.129.0&amp;contentType=application%2Fjson&amp;dfCk=6&amp;dfVersion=1.5419.0&amp;editorName=Unknown&amp;experiments=dm_bgScrubToMotionFixer%2Cdm_masterPageVariablesQueryFixer%2Cdm_migrateOldHoverBoxToNewFixer&amp;externalBaseUrl=https%3A%2F%2Fwww.eatsleepgolf.net&amp;fileId=c8a9c6a4.bundle.min&amp;formFactor=desktop&amp;hasTPAWorkerOnSite=false&amp;hasUserDomainMedia=false&amp;isBuilderComponentModel=false&amp;isHttps=true&amp;isInSeo=false&amp;isPremiumDomain=true&amp;isUrlMigrated=true&amp;isWixCodeOnPage=false&amp;isWixCodeOnSite=true&amp;language=en&amp;metaSiteId=c08005c6-3938-4957-84c5-3234a7a6e5ff&amp;module=thunderbolt-platform&amp;originalLanguage=en&amp;pageId=beda43_739f8e38d6114bc6f859057f76f37fff_3022.json&amp;pilerExperiments=specs.piler.useEditorReactComponents&amp;quickActionsMenuEnabled=false&amp;registryLibrariesTopology=%5B%7B%22artifactId%22%3A%22editor-elements%22%2C%22namespace%22%3A%22wixui%22%2C%22url%22%3A%22https%3A%2F%2Fstatic.parastorage.com%2Fservices%2Feditor-elements%2F1.15159.0%22%7D%2C%7B%22artifactId%22%3A%22editor-elements%22%2C%22namespace%22%3A%22dsgnsys%22%2C%22url%22%3A%22https%3A%2F%2Fstatic.parastorage.com%2Fservices%2Feditor-elements%2F1.15159.0%22%7D%5D&amp;remoteWidgetStructureBuilderVersion=1.251.0&amp;siteId=5dfc8a73-c8a4-4f0a-b8cb-5a2b7dc0ecd0&amp;siteRevision=3025&amp;staticHTMLComponentUrl=https%3A%2F%2Fwww-eatsleepgolf-net.filesusr.com%2F&amp;viewMode=desktop,https://www.eatsleepgolf.net/get-listed,,url_in_content
https://605a7baede844d278b89dc95ae0a9123@sentry-next.wixpress.com/68,https://www.eatsleepgolf.net/get-listed,,url_in_content
mailto:info@eatsleepgolf.ca,https://www.eatsleepgolf.net/get-listed,info@eatsleepgolf.ca,email_found
mailto:605a7baede844d278b89dc95ae0a9123@sentry-next.wixpress.com,https://www.eatsleepgolf.net/get-listed,605a7baede844d278b89dc95ae0a9123@sentry-next.wixpress.com,email_found
mailto:baf30a2b91654c5a840931f0137bed30@sentry.wixpress.com,https://www.eatsleepgolf.net/get-listed,baf30a2b91654c5a840931f0137bed30@sentry.wixpress.com,email_found
mailto:0e6a29e4756740a8a63493e912ba2174@sentry.wixpress.com,https://www.eatsleepgolf.net/get-listed,0e6a29e4756740a8a63493e912ba2174@sentry.wixpress.com,email_found
mailto:8eb368c655b84e029ed79ad7a5c1718e@sentry.wixpress.com,https://www.eatsleepgolf.net/get-listed,8eb368c655b84e029ed79ad7a5c1718e@sentry.wixpress.com,email_found
mailto:2062d0a4929b45348643784b5cb39c36@sentry.wixpress.com,https://www.eatsleepgolf.net/get-listed,2062d0a4929b45348643784b5cb39c36@sentry.wixpress.com,email_found
